lr,val_acc,test_acc
7e-05,0.6209386281588448,0.0
5e-05,0.6498194945848376,0.0
3e-05,0.6209386281588448,0.0
2e-05,0.5848375451263538,0.0
