lr,val_acc,test_acc
7e-05,0.6606498194945848,0.0
5e-05,0.6173285198555957,0.0
3e-05,0.6462093862815884,0.0
2e-05,0.6173285198555957,0.0
