lr,val_acc,test_acc
7e-05,0.5631768953068592,0.0
5e-05,0.5884476534296029,0.0
3e-05,0.4981949458483754,0.0
2e-05,0.5595667870036101,0.0
